{"organizationId":"73806642-f244-4840-aee1-3224a8ed560b","groupId":"73806642-f244-4840-aee1-3224a8ed560b","assetId":"american-flight-api2","version":"1.0.2","classifier":"raml","main":"american-flights-api.raml","name":"American Flight API2","dependencies":[{"groupId":"68ef9520-24e9-4cf2-b2f5-620025690913","assetId":"training-american-flight-data-type","version":"1.0.1"},{"groupId":"68ef9520-24e9-4cf2-b2f5-620025690913","assetId":"training-american-flights-example","version":"1.0.1"}],"tags":[],"metadata":{"projectId":"832f25fa-2af1-4137-a149-0cd496b72a5f","branchId":"master","commitId":"89a72049398f39bc28dec3174fd1b4f929dfbd56"},"originalFormatVersion":"1.0","apiVersion":"v1"}